roi1,roi2,roi3,roi4,roi5,roi6,roi7,roi8,roi9,roi10,roi11,roi12
0.4551403,6.453247,0.6839883,3.685211,-0.00613084,-0.6863471,3.03666,0.6826502,0.6820562,-0.6810655,0.6861189,0.45917
0.886246,5.450961,-0.0921444,3.454283,0.00615187,-0.0762062,3.680375,-0.00566246,0.4578296,-0.6824587,0.6880347,0.0705594
1.03738,1.86856,-0.4505036,0.849586,-0.0575278,0.0785057,1.993296,-0.4591959,0.000963715,-0.4555272,-0.6836475,-0.6851075
0.453688,-2.684446,-0.6850391,-2.455194,-0.6858245,0.6844054,-0.4540849,-0.891128,-0.6853933,0.0312144,-0.6882414,-0.4503732
-0.6847245,-4.89763,0.0408909,-4.991259,-0.4536247,0.4580879,-2.68762,-0.843849,-0.4509745,0.681171,-0.4520671,0.0262497
-1.688654,-5.0219,0.4572152,-5.45592,-0.4549756,0.4513178,-4.681112,-0.4545505,-0.6894786,0.6879051,0.03871,0.6802098
-1.682598,-4.684136,0.4527368,-3.45412,-0.6874248,0.048939,-4.683931,-0.6814933,0.0725961,0.6888633,0.4519109,0.682651
-1.684264,-3.82518,0.4523346,-0.6887083,-0.0239832,-0.6835363,-3.458965,0.0328534,0.6827584,-0.6825173,0.6802859,1.451296
-0.6847194,-4.83054,0.4546602,1.685102,0.6865235,-0.4555747,-2.681307,0.4510248,-0.6856216,-0.6861465,0.4541036,0.9933425
0.6800617,-6.687494,-0.0411361,2.68495,0.6845044,-0.4564449,-1.682351,0.6816093,-0.6874398,-0.6897918,-0.6825021,0.6867554
0.4595488,-6.8825,-0.6834615,2.68064,0.4565973,-0.6873202,-1.680045,0.4566427,-1.682526,-0.4559159,-0.4595147,-0.682864
-0.689262,-4.85031,-0.6834006,0.6822197,0.4590887,-0.0443986,-1.450665,0.6896394,-1.450704,-0.0680933,-0.4503568,-1.683208
-1.04263,-0.847218,-0.6889342,0.6841429,0.4508809,0.0443974,-0.6878362,0.6832324,-0.800096,0.0650308,-0.685039,-1.994471
-1.453415,3.681555,-0.6816231,0.6830349,0.4542528,0.0435983,0.9905397,0.4560625,-0.0503978,0.6820264,-0.6812103,-1.686004
-1.03527,6.81187,-0.6865988,0.6870989,0.0418574,-0.0408348,2.83285,0.6813547,0.813486,0.6853344,-1.82464,-0.9953031
-0.0394435,7.684065,-0.4542112,0.6846473,-0.6838924,-0.6851378,4.686043,0.6843503,1.686132,0.4513383,-3.453352,-0.6865988
1.03271,7.04127,-0.684008,-0.4515676,-0.4567343,-0.4513054,5.08356,0.6809526,1.685179,0.4574142,-4.682907,0.6874619
1.686667,6.682127,-0.0527942,-1.03829,-0.6845102,-0.687862,4.453962,0.9940066,0.6858483,0.4546489,-4.683387,0.6815338
1.681291,6.45647,0.0680361,-1.45484,-0.6895312,-0.0594878,2.682385,1.03694,0.4592403,0.0657482,-1.87391,0.6823303
1.686631,7.45663,0.455562,-1.08589,-0.4531983,0.0625958,0.83248,0.6808548,-0.058471,-0.4519858,1.683442,0.031357
1.0236,7.685262,0.4590202,-0.034454,-0.4535737,0.6867664,-0.0949115,-0.6840869,-0.6860327,-0.4544114,4.993126,-0.4502841
1.687187,6.686221,0.6891898,1.689038,-0.6858684,0.6856206,-0.0653032,-1.680034,-0.0626308,-0.4520494,6.689168,-0.4515124
2.04768,3.00658,0.859141,2.09691,-0.6862065,0.0760645,0.6807884,-1.687338,0.0886575,-0.0796804,5.99651,-0.067958
2.682097,-0.9908696,0.6828273,2.689037,0.6837543,-0.00539734,1.07433,-1.450332,0.6859638,0.4556612,3.683591,0.680657
2.454841,-3.682863,0.6821733,2.995423,0.4549712,-0.0318945,1.453448,-0.833312,0.6803458,0.9928338,1.05982,0.6892749
1.0597,-5.451305,-0.0495035,3.456163,0.6842021,0.0806329,0.99753,-0.00318066,-0.042476,1.08968,-0.6837111,0.6853872
-0.688497,-4.682653,-0.6836491,3.996155,0.6811034,0.6847063,0.6828084,0.6869473,-0.6862496,0.86027,-0.02969,0.0511387
-2.456946,-3.684078,-0.4530574,3.84543,0.6849611,0.6840265,0.032572,0.4540858,-0.4534666,0.687192,1.683866,-0.0376595
-3.03848,-2.09563,-0.6823558,2.458842,-0.0348271,0.6848761,-0.458568,-0.6874632,-0.6868219,-0.6819608,2.456787,0.0300844
-2.686571,-1.85182,-0.6811478,-0.6844303,-0.6869097,0.4543973,-0.816571,-0.6803489,-0.00432136,-0.6894716,2.683668,0.6823082
-1.457669,-1.994985,0.0630098,-3.68463,-0.6803803,0.0849004,-1.45026,-0.4586584,0.6890958,-0.6892851,0.9915987,0.4554517
-0.0705126,-2.684334,0.0965651,-5.452127,-0.6889614,-0.0429836,-1.687165,-0.6867938,0.6832915,-0.6840309,-0.830406,0.684127
0.9928654,-2.03585,-0.0333465,-5.688568,-0.0951269,-0.0852808,-1.688432,0.6889232,0.6853547,-0.0497964,-1.685917,0.6878597
1.68983,-1.685966,-0.687066,-3.997866,0.4541534,-0.0511445,-1.688452,0.6821571,0.4540302,0.00744682,-0.9974371,0.4529465
0.6828336,-1.80339,-0.4545375,-1.685652,0.4591714,0.00356654,-0.6841547,0.6873608,0.0562126,-0.0346924,0.6883836,0.6879351
0.6851034,-1.88706,-0.6860337,0.6846151,0.6894594,0.0353058,-0.4532872,-0.0746886,-0.0762392,-0.074609,1.994419,0.865413
-0.689645,-2.02153,0.0570445,0.9969119,0.6862926,-0.034627,-0.893795,-0.6865987,-0.0536543,-0.021941,1.681572,1.684622
-0.6865914,-1.8032,0.4586278,-0.6862898,0.4545043,-0.0756788,-1.990788,0.0311708,0.684588,0.6834973,-0.832353,1.682178
-0.6886527,-0.893114,0.6897517,-2.684293,0.4573278,-0.094031,-2.990685,0.4535752,0.4505624,0.4567095,-4.680803,1.688262
-0.00423652,-0.0891973,0.6814586,-3.81116,0.0627552,-0.0652949,-3.453057,0.841647,0.6826158,0.4596121,-6.995553,1.681874
0.6819733,0.0079543,0.0743549,-3.685365,-0.6841355,-0.0320976,-2.681187,1.08654,0.6845628,0.6853223,-7.685724,0.864638
0.6886353,-0.832797,-0.450741,-2.84514,-0.6858344,-0.0606612,-1.452069,1.686086,-0.6837967,-0.0927402,-5.688635,0.0741678
0.6821163,-2.685125,-0.4504343,-1.453042,-0.6811497,-0.6880431,-0.4551564,1.684807,-0.834095,-0.6852578,-1.457291,-0.6851083
-0.4508232,-3.687866,-0.4546129,-0.6849121,-0.6847872,-0.6841324,-0.6876173,1.09533,-1.685546,-0.6826389,1.682216,-0.9953365
-1.02394,-3.453678,-0.684375,-0.4539046,-0.4563989,-0.4532052,-1.454494,0.9913844,-1.689094,-0.6893455,3.686684,-1.06275
-1.681284,-2.04235,-0.6861256,-0.0903103,-0.6824662,-0.6843362,-2.451126,0.4535605,-0.840634,-0.6894517,3.06593,-0.6826062
-1.82302,-0.86393,0.033287,0.6865965,-0.453288,-0.0549417,-2.995644,-0.4513473,-0.6814217,-0.6889309,0.68233,-0.6827578
-1.684166,-0.4582884,0.450375,1.453138,-0.4565125,0.6834603,-2.682195,-1.456975,0.681235,-0.688871,-1.680033,-0.6860343
-1.4505,-1.454443,0.6833624,2.0424,-0.4516593,0.6843268,-0.800363,-2.685728,0.4562947,-0.685008,-1.86879,-0.6862326
-1.451535,-2.685834,0.451976,2.457325,-0.6897406,0.835565,1.09806,-2.689461,0.4546582,-0.4518382,-0.844062,-0.6873862
-1.450376,-2.455037,0.4533305,1.82866,-0.6886347,0.6845238,2.45026,-2.684434,0.6893879,-0.6887698,1.688336,-0.68921
-1.680973,0.6832573,0.6840591,1.687617,-0.6806797,0.6867554,2.455479,-1.681827,0.4565676,0.0690342,3.684345,-0.6889429
-1.681151,5.680347,0.6835071,1.07136,-0.6872598,-0.6848756,1.688962,-0.6848342,0.4514364,0.6848095,4.68753,-0.6844592
-0.9953725,10.45691,-0.6835821,1.89258,-0.0731143,-0.4592723,0.9916835,-0.6806552,0.4521727,0.6886103,3.457417,-0.4567037
-0.6860263,13.45952,-0.688039,3.453806,0.6889346,-0.6869138,0.6851349,0.0243622,0.0629735,-0.0725487,0.6851288,-0.6886387
0.851585,12.68985,-0.6810311,4.680919,0.6863413,-0.6810857,1.686203,-0.0311079,-0.6884975,-0.4556619,-2.84253,-0.6836896
1.684683,7.684235,-0.4593683,3.681709,0.4563566,-0.4524632,1.687495,0.0535287,-1.456512,-0.808783,-5.683071,-0.6842686
1.82038,1.45472,-0.6865119,1.81213,0.6847156,-0.6893385,1.991987,0.4538729,-1.68083,-0.9962589,-6.459508,-0.4507156
1.456833,-3.454607,-0.4550724,-0.6830859,0.6847157,-0.4526747,1.993037,0.9987058,-1.02543,-0.9902653,-5.45608,-0.6806565
0.4598985,-5.454586,-0.6884853,-1.99734,0.845034,-0.4567547,2.686826,1.686214,0.0792915,-0.6897511,-3.451923,-0.6892871
-0.6815364,-4.689837,-0.6862123,-1.687346,0.883902,-0.4540404,3.680297,1.457876,1.681859,-0.6861606,-1.689335,-0.68102
-0.686594,-2.68752,-0.6865454,0.9911093,0.81558,-0.6803873,4.689376,0.818042,2.09116,0.4589787,0.4562594,-0.6823026
-0.030331,-0.6890308,-0.6803984,3.680376,0.6840376,-0.0721437,6.451367,-0.045919,2.04084,0.686763,0.6803592,-0.6841605
1.684953,-0.6812329,0.0521038,4.86838,0.6808372,0.4500564,6.681652,-0.6817673,1.456733,0.9927262,0.0496225,-0.6826421
2.456792,-1.454153,0.6845903,3.86531,0.0843006,0.4553002,5.453248,-0.820526,0.4545412,1.06048,-0.6842658,0.0397042
2.990366,-3.0664,0.6818323,1.453256,-0.0934739,0.6841088,2.680492,-0.684213,-0.4588465,1.06525,-0.831549,0.6803485
2.996555,-4.684278,0.4574187,-1.453137,-0.4517961,0.841335,-1.04351,0.4593391,-0.6866208,0.6823916,0.6804786,0.0733233
2.86795,-4.456183,0.6834655,-2.85614,-0.6802183,0.842153,-3.453655,0.878065,-0.4513432,0.834856,1.681072,0.0432912
2.685532,-3.992151,0.0387268,-2.682197,-0.6836546,0.6839861,-4.07034,1.68787,-0.6803414,0.6840319,3.684334,0.6828838
2.80697,-2.68296,0.0385919,-1.457915,-0.4591586,0.4547005,-3.686745,1.681116,-0.057265,0.4565458,4.0707,0.4506037
3.03962,-1.998006,0.4510394,-0.686036,-0.6850734,0.4503728,-1.89045,0.824955,-0.6835795,0.6864965,4.682145,0.854441
2.85356,-0.9906032,0.4524554,-1.685444,0.047028,-0.0246803,-1.681204,0.6856069,-0.829743,0.6861233,3.457259,1.685291
1.99491,0.4584104,0.6810976,-4.456838,0.4500729,-0.68714,-1.686208,-0.4504582,-0.996296,0.4520807,2.685644,1.83076
0.6817537,1.686004,0.6854535,-7.683344,0.6898573,-0.4503665,-3.03603,-0.83526,-0.9911032,0.4556562,1.84328,1.84464
-1.689867,2.851,-0.0325663,-8.685629,-6.85433e-05,-0.683303,-4.453055,-0.6843666,-0.6869194,0.6875056,1.687634,1.683734
-3.683838,3.687569,-0.4513415,-7.09803,-0.6813826,-0.0251198,-4.684309,-0.0743931,-0.4527311,0.6829342,0.841234,1.684972
-3.86898,4.680334,-0.6826218,-3.686659,-0.6869821,0.056054,-3.685183,0.895238,-0.4571823,-0.4517513,0.6836553,0.4592487
-3.685052,4.86929,-0.6831803,0.9958042,-0.6809485,0.0764831,-1.450872,1.687004,-0.0940961,-0.6803879,0.0365893,-0.6898792
-2.687063,5.456238,-0.6865236,3.992896,-0.4502162,0.0479189,0.6865485,1.80923,0.6807029,-0.6832038,-0.00444206,-0.893736
-0.860092,5.83938,0.4534172,4.455621,-0.0626324,0.00907096,1.457021,1.458482,1.0066,-0.4503965,0.4542968,-1.687955
0.6870882,6.688338,0.4575316,2.99032,0.6833112,-0.0308259,1.450045,0.685322,1.80565,0.4506332,1.458416,-1.457136
0.9918685,6.689045,0.4530865,0.880968,0.0889329,-0.0373461,0.832554,-1.05732,2.459826,1.0428,2.685962,-1.03703
0.824967,6.68868,0.6860674,-0.4531314,-0.6862486,-0.0461194,0.4583431,-1.89343,2.683051,1.686203,2.682832,-0.6831003
0.4509465,5.995062,-0.6848283,0.6879009,-0.4562586,-0.6831434,0.6846558,-1.8445,1.457375,1.450512,2.457372,0.0917039
-0.812719,4.684186,-0.6806035,2.682687,-0.4592457,-0.4573448,0.6882311,-1.06058,0.0965644,0.6845361,1.86949,0.6812544
-1.687846,2.457334,-0.4536635,5.454139,-0.6847693,-0.4521103,0.9987346,-0.6846553,-0.830034,-0.6816255,1.45704,0.838264
-2.450695,-0.6845653,-0.0359378,5.89297,0.4550562,-0.6805656,1.05509,0.4570465,-1.09671,-0.6823557,1.0667,0.6832255
-2.686458,-4.453608,0.6888529,4.680396,0.6821218,-0.4568358,0.6815025,0.4558687,-0.804344,-1.45185,1.45623,0.459612
-2.687097,-8.08275,0.684876,1.05561,1.68616,-0.4532623,-0.4518965,-0.0433803,-0.0548242,-1.00375,1.452315,-0.6846565
-1.688219,-10.45276,0.0670261,-2.451557,0.850066,-0.0454678,-1.684664,-0.4543455,0.6831916,-0.6820789,0.9964642,-0.4503292
-0.995867,-10.68408,-0.4507032,-4.685042,0.684656,0.451551,-1.84642,-0.6806151,0.6871865,-0.4533146,-0.4505647,-0.6864169
-0.6889035,-8.686079,-0.4533789,-4.994084,-0.6856149,0.4504849,-2.680538,0.4538421,-0.4506184,-0.6828758,-2.4504,-0.6807488
-0.853367,-4.993652,-0.4573255,-3.680375,-0.6879249,0.4574842,-1.87319,0.4506627,-0.9976132,-1.087,-4.456394,0.6876264
-1.458538,-1.682937,-0.4573148,-1.683514,-0.6852655,0.4521505,-1.455445,0.0808287,-1.683196,-1.454362,-5.686791,0.6803468
-1.85003,-1.03566,0.6815569,-0.054958,0.6837129,0.4580739,-0.4563517,-0.6891264,-0.6856508,-1.683661,-4.83758,0.4508607
-1.81368,-2.452492,0.6871716,0.6882909,0.6853132,0.681312,0.4548621,-1.455988,-0.6888234,-0.6868455,-3.455923,-0.0354553
-1.03489,-5.684335,0.995657,0.6823039,0.6821862,-0.0372395,0.6890959,-1.685149,0.6891103,0.4583214,-1.459669,-0.4503806
0.028938,-7.8662,1.686595,0.9929639,0.4596111,-0.0657089,0.6824395,-0.9969792,0.055864,1.0425,-0.6849307,-0.6841262
0.9986854,-8.80394,1.684346,1.457023,-0.4531641,-0.0254187,0.831034,0.6866755,-0.6853662,1.687268,0.687507,-0.0642743
1.45475,-7.685364,0.897537,2.687627,-0.6862428,0.0665068,0.6829148,1.8272,-1.458644,0.6812704,-0.683451,0.6866647
1.688504,-5.89643,0.4587443,3.685861,-0.6855973,0.6851031,0.6824789,2.454645,-1.81261,-0.6804682,-0.6862789,0.6836553
1.684341,-3.994439,0.00657155,3.455389,-0.6849795,0.6869036,0.6843242,2.684342,-1.688633,-1.05346,-1.06927,0.6866336
1.685969,-2.84354,-0.4543465,2.454988,-0.6848824,0.6807948,0.457837,1.456587,-0.9969894,-1.454726,-1.459507,0.4565664
1.682563,-2.68655,-0.882189,1.02385,0.6891158,0.0073827,-0.6803249,0.6823406,-0.6861887,-0.876565,-1.687233,0.0970563
2.680597,-1.06055,-0.9972007,-0.4553744,0.6803791,-0.0633682,-1.07506,-0.6889744,0.4597125,-0.4590716,-2.683641,-0.0885629
2.689248,1.684086,-1.02193,-1.680068,0.6859339,-0.0540865,-2.68203,-0.9980868,0.803211,0.0618252,-2.995314,-0.45858
2.687406,4.689716,-0.9970897,-2.00396,-0.6823244,0.0251267,-2.83738,-0.9916871,0.856217,-0.0445834,-3.686467,-0.6811731
1.686503,7.09762,-0.861654,-2.689258,-0.4507535,0.6803435,-2.683562,-0.6829292,0.6808511,-0.4551706,-3.89352,-0.852834
0.6845167,8.86736,-0.83476,-2.688503,-0.6846178,0.0891373,-1.456239,-0.895542,0.456007,-0.830637,-3.05107,-0.9936204
-0.6834004,8.86074,-0.6866629,-2.686909,-0.459687,-0.0527394,0.0687007,-1.680534,0.6869403,-0.4593092,-1.683398,-0.9962365
-0.68805,8.03625,-0.4503165,-2.82844,-0.4590889,-0.4573842,1.688021,-1.453673,0.6807882,0.6814344,0.6819582,-0.880465
0.6868298,7.686379,-0.4550365,-2.683893,-0.0341492,-0.4556273,2.684927,-1.680333,0.684555,1.683857,1.996166,-0.4546609
1.02841,7.685512,-0.6830553,-1.688549,0.6847118,-0.4597095,3.688443,-0.6898597,1.05491,2.02656,2.998513,-0.6810696
1.68491,8.687034,-0.0579647,-0.6834454,0.6841695,-0.6867239,3.684119,-0.6896255,1.684175,1.997555,3.454152,0.0696628
0.829843,9.684862,-0.0251753,0.689646,0.4588523,-0.6855644,3.458267,0.6872067,1.681975,1.689469,2.89715,0.0308514
-0.6806036,8.683985,-0.00917593,0.6891325,0.6802613,-0.00830036,2.99794,0.4589041,0.9917144,0.6805268,1.82061,-0.6855107
-1.458385,5.82038,0.00870827,0.6850688,-0.6807125,-0.0314438,2.453102,0.6897624,0.4555466,-0.818943,0.6818823,-0.6831662
-2.685842,1.89312,0.0254515,-0.6884553,-0.4502925,-0.4512536,0.9902654,0.0596571,-0.6873411,-0.898041,-0.844562,-0.6867003
-2.683247,-2.680507,0.0209152,-0.6837176,-0.0941243,-0.4518395,-0.6829203,0.0466578,-0.6845943,-0.4555444,-1.991826,-0.4540414
-1.680862,-5.685025,-0.0339861,0.6882784,0.6897172,-0.4565607,-2.68904,0.4552656,-0.4517307,0.4535528,-2.681322,-0.042962
-0.9976209,-6.86805,-0.0476448,1.684879,0.6830086,-0.4595139,-3.687119,0.6866503,0.6870345,0.817343,-1.80437,0.6804761
-0.6816683,-7.03934,-0.00732302,1.996276,0.816034,0.0654613,-2.82894,1.689121,0.840362,0.839653,-0.4547286,0.6849518
-0.4555108,-6.686265,0.6874791,2.06263,0.6832337,0.4565489,-1.688802,1.685685,0.9909448,0.6889492,1.680557,0.6838635
-0.0392506,-4.454921,0.6804832,1.451988,0.6806376,0.6874632,-0.6823867,1.86279,0.6840734,-0.0329474,2.80584,0.6862875
0.4551841,-1.82658,0.883935,0.4533955,-0.0920516,0.6807904,0.850638,1.68345,-0.6853553,-0.6858988,3.681626,0.4559254
0.686567,1.686341,1.683985,-0.6878915,-0.685316,0.681926,1.02429,0.9923591,-0.843035,0.0363903,3.459238,0.6859029
0.826928,4.682909,1.681665,0.0426468,-0.6861244,-0.0259096,0.6843626,-0.6805756,-0.868035,0.6895172,2.451362,0.6834176
0.6835407,7.455215,0.6856428,1.03124,-0.686933,-0.4555362,0.4580328,-1.08851,-0.4588627,0.6820529,1.68928,0.6813693
0.4531538,7.450634,0.4541643,2.68533,0.0403316,-0.4587946,0.6889864,-1.681332,0.0855348,0.681188,0.683965,-0.6842632
0.4563945,4.684244,-0.4556345,2.8895,0.0853189,-0.6864656,0.9983037,-1.455863,0.4512452,0.0323728,0.4547476,-0.4559232
1.0485,0.6896034,-0.680365,2.685554,-0.0873509,-0.00251864,1.685875,-0.858435,0.4530808,-0.6886437,0.0302412,-0.6876752
2.688365,-3.06123,-0.4515673,1.687332,-0.6863167,0.0893938,1.993895,0.0451918,-0.6853423,-0.6874945,-0.6846035,0.0846165
3.454642,-4.682627,-0.0955507,0.4589464,-0.6842362,0.0717332,1.684167,0.4568324,-0.9942856,-0.6828218,-0.6803509,0.850915
4.687603,-3.683396,0.4553096,-0.859191,-0.4584034,-0.0203723,0.6829169,0.6813347,-1.683236,-0.6810791,-0.4583597,1.459619
3.85562,-0.6864402,0.4546732,-1.688332,-0.4508553,-0.6820342,0.4540287,-0.6891628,-0.895021,0.0652538,0.6843457,1.453732
2.454332,2.450702,0.4523278,-2.684336,0.6816479,-0.6879295,0.6848655,-0.6849008,-0.6864607,0.684178,1.85863,1.681341
0.4531505,3.454627,0.4588865,-2.684258,0.4597348,-0.688664,0.4558628,-0.6876198,0.6841451,0.4506643,3.88206,0.6824802
-1.451569,2.453602,0.6868473,-2.684867,0.4553031,-0.685152,0.6878511,0.4570306,0.4524003,0.6825615,5.685341,0.00365078
-2.45622,-0.4550547,0.685807,-2.02559,0.0719848,-0.0742876,-0.456432,0.887207,0.6806252,0.4503039,6.459473,-0.4509236
-2.680762,-3.68318,0.684762,-0.856234,-0.0591482,0.0626558,-0.9946502,0.882505,-0.6804862,0.0962413,5.682031,-0.0953247
-2.681657,-5.681121,0.4559846,0.849331,-9.455651e-05,0.4573043,-1.451419,0.0558411,-0.4562436,-0.0230839,3.86454,0.6837962
-1.685263,-6.682516,0.6847603,2.457624,0.6843213,0.6833453,-1.453519,-1.685538,-0.4539614,-0.6843748,1.455654,0.4530746
-1.681855,-6.689628,-0.6813459,3.686431,0.4555544,0.6850725,-0.6892642,-1.89265,0.6887192,-0.6829094,-0.4573742,0.061661
-1.457031,-5.682156,-0.4511345,3.685053,0.4566876,0.888695,0.6806464,-1.455084,0.4586304,-0.86313,-1.683856,-0.4566571
-1.84766,-3.88458,-0.6890621,2.454892,0.6873703,0.821218,1.02974,0.6874512,0.452955,-1.07616,-1.88724,-0.6807082
-1.682431,-2.681743,-0.6861456,1.687449,-0.6816723,0.6876876,0.453039,2.68735,0.0615028,-1.03619,-1.688967,-0.4552665
-1.681235,-1.684965,-0.686329,0.9963439,-0.854343,0.4543627,-0.6825826,3.686949,-0.6843023,-0.821468,-1.88794,-0.0914117
-0.9973453,-1.680071,-0.6840791,0.6860373,-0.897079,-0.0523035,-2.458373,2.996139,-0.4592545,-0.4548031,-2.685366,0.6874261
-0.6826621,-1.683454,-0.0485655,0.6841158,-0.6855948,-0.4508707,-3.686558,1.06862,-0.4592837,0.6883284,-3.455503,0.6854872
-0.4584319,-2.689398,-0.685207,-0.6871162,-0.6840312,-0.6894471,-2.681417,-1.680455,0.0327175,0.4528458,-4.08585,0.6858496
-0.9943247,-3.458887,-0.6890873,-1.681739,0.4520217,-0.0572421,-1.09149,-2.87885,0.4516626,0.4521002,-4.454421,0.6809602
-1.81844,-4.00306,-0.6824659,-2.686293,0.6823412,0.6806494,0.6848321,-2.88943,0.4588324,0.455103,-4.687144,-0.4568332
-2.452483,-3.89452,-0.824343,-3.45613,0.9945323,0.6896576,1.83854,-1.683232,0.6858727,0.0670973,-3.45134,-0.884602
-2.685404,-2.682765,-0.6841836,-2.993844,0.861648,0.685385,2.680651,0.4513888,0.4519509,-0.0316508,-2.459846,-0.9935665
-2.685564,-0.6844831,-0.4534191,-1.682657,0.6864123,-0.0333068,1.687596,1.45626,0.6847434,0.041643,-1.83783,-0.6894979
-0.9952065,1.682516,-0.6854785,-1.450246,0.4530487,-0.6817629,0.6829382,1.680565,0.6861987,0.6865165,-1.456211,-0.000662591
0.6849047,3.681756,0.0864937,-1.453255,0.6873231,-0.6814146,-0.6884862,0.0783529,0.4543756,0.4566659,-1.03228,0.6825957
2.684732,3.998082,0.4572486,-2.455684,-0.0928538,-0.834209,-1.459514,-0.9953908,0.4598462,0.4590057,-1.06552,1.07307
3.02896,4.688217,0.4504345,-4.07325,-0.6859836,-0.861549,-2.03653,-1.684403,-0.0705344,0.4544374,-1.05032,1.450034
2.996809,3.992054,0.457905,-5.684655,-0.6839453,-0.807519,-2.689657,-0.6862323,-0.4551557,0.688392,-0.9965663,0.9964302
1.682332,3.683645,0.4574339,-4.85953,-0.6840323,-0.4512584,-2.451955,0.6854292,-0.6873558,0.6858951,-0.84163,0.4524931
0.6815924,2.457238,0.6865575,-3.687614,-0.6841628,-0.0948389,-1.450062,1.683253,-0.6826437,0.6865133,-0.6812095,-0.4564233
-0.834616,1.687683,0.6862313,-0.848856,-0.0321644,0.6811088,-0.4535563,1.680462,0.6834445,0.450376,0.6861551,-0.888798
-1.452469,0.4505582,-0.0733498,1.04846,0.4518439,0.6820556,0.6803405,0.9934174,0.451873,0.6883347,1.451249,-1.454279
-1.02769,-0.806195,-0.4548003,1.88303,0.4560078,-0.0543355,0.450006,0.685686,0.4565727,0.0323169,2.00957,-1.451853
0.6854565,-1.459367,-0.4590526,1.687127,0.0610965,-0.6808326,-1.07611,-0.6836475,-0.6851185,-0.0271513,2.68953,-0.870059
1.682513,-1.86284,-0.6897513,0.4562309,-0.4564629,-0.6803633,-3.458752,-0.6870349,-1.682849,-0.6838526,2.04697,-0.4500427
2.689736,-2.683666,-0.0395338,-0.0650058,-0.6826365,-0.6840598,-5.680904,-0.6839887,-1.683065,-0.6874757,0.891155,-0.0624685
2.683506,-2.686093,0.0623952,0.6865865,-0.6873542,-0.451335,-5.456021,0.0317121,-1.687119,-0.6803505,-0.863733,-0.0347004
1.685832,-2.451544,0.0945276,1.06989,-0.6886274,-0.6897003,-3.998092,-0.6807078,-0.6820378,0.0652689,-2.459369,-0.4571643
-0.0849566,-1.995651,0.00367452,2.09724,-0.0860535,0.0306884,-1.457607,-0.6832655,-0.4509662,0.458204,-3.03293,-0.6841052
-1.686292,-0.807368,-0.6829135,2.80047,0.6866132,0.6854403,1.456859,-0.6891689,0.6897041,0.4570482,-2.682906,-0.9918083
-1.995362,1.454048,-0.4511003,3.08945,0.455893,0.4546544,3.455529,-0.4565749,0.685066,0.684496,-1.456543,-0.9978895
-1.685557,3.687604,-0.6892923,3.453582,0.6897865,0.6837687,3.89344,-0.0320738,0.6854105,0.4534065,0.6834596,-0.849498
-0.6815627,5.07354,-0.0872611,3.689052,0.0788535,0.4558491,4.03657,0.4562686,0.6871039,0.6810785,1.453272,-0.6855591
0.886913,6.05711,0.0435641,4.45693,0.00557829,0.6880656,4.68034,0.6875908,0.895673,-0.6878919,1.06873,-0.6805968
2.681275,6.684755,0.6826569,5.04409,0.0348854,0.6830383,5.689474,0.0769625,1.458804,-0.9909407,-0.6832532,-0.4502521
2.682784,7.683425,0.6824218,5.6803,0.0621679,0.6841962,7.02872,-0.4572966,1.689275,-1.680943,-2.684534,-0.4549113
3.684309,9.686637,0.0408088,5.682418,0.0706915,0.681739,7.686955,-0.6822145,1.683448,-1.453429,-3.680882,0.0491675
2.83768,11.45073,-0.0736114,4.459002,0.000973388,0.0363455,5.83163,-1.454794,0.997075,-1.454372,-3.685468,0.456565
1.686503,12.68135,-0.6853253,3.454978,-0.6815208,-0.6885759,2.681535,-1.688531,0.6804051,-0.836118,-2.681189,0.887536
0.4589043,11.8635,-0.6842003,1.994365,-0.6832963,-0.4566448,-1.688456,-0.9917487,-0.825107,-0.4505894,0.6884569,1.0848
-1.00491,8.686316,-0.0345868,0.832748,-0.6890903,-0.4503145,-4.451179,-0.6810979,-1.687896,-0.6836212,3.684132,0.9971832
-1.84809,2.682674,0.4511385,-0.6851751,-0.0895545,-0.0537366,-4.82183,-0.6864662,-1.681486,-0.086625,5.82959,0.6834091
-2.02897,-2.682043,0.4575575,-1.02307,0.0400803,0.096232,-3.455828,-0.6865341,-0.6838752,-0.6851612,6.87426,0.4532255
-1.686264,-6.689058,0.6891902,-1.995073,0.6819083,0.4506766,-0.6832039,0.0697143,-0.0387166,-0.6823354,6.682646,0.6889803
-0.860528,-8.687441,0.882042,-3.00082,0.6808917,0.4586424,1.45721,0.4511114,0.4569072,0.6865802,5.457184,0.6871257
0.0944578,-8.684078,0.814475,-4.682893,0.0323191,0.6860828,1.686257,0.859753,0.6863738,0.816169,3.997373,0.806249
0.821723,-7.688466,0.6827303,-5.686965,-0.0534694,0.4525725,0.4500731,1.683418,0.6856235,1.683443,2.680727,0.9949218
1.02941,-8.06718,0.6815643,-5.83705,-0.0320754,0.4531048,-1.996535,1.689251,0.4553293,1.83736,1.680785,0.9914683
1.0625,-9.681315,0.6883634,-5.86675,-0.6805803,0.6815679,-3.8535,1.685245,-0.0654174,1.82636,0.9968231,0.6832809
0.889676,-11.68798,0.6884866,-4.685237,-0.6804904,0.0683133,-4.458328,1.454636,-0.6815349,1.681868,0.683488,0.6875965
0.6811646,-11.99448,0.4588457,-2.456856,-0.6826866,-0.4535628,-3.453653,0.6893792,-0.6868673,0.843136,0.6831474,-0.6836537
-0.682455,-10.4526,0.6895286,0.6834552,-0.6869629,-0.4560233,-1.681887,-0.6833129,-0.4530392,0.4595851,-0.6844908,-0.6842449
-1.03333,-7.09583,0.6897288,2.84675,-0.4502178,-0.4586632,0.6818939,-1.680665,0.03863,0.6847041,-0.873453,-0.6821134
-1.997904,-3.689066,0.454304,4.03465,-0.6894917,-0.4597462,2.452684,-1.82925,0.6843221,0.4530372,-1.681009,0.0344464
-2.687802,-0.0982137,-0.0329275,3.451656,-0.6852602,-0.000646232,3.86324,-1.682868,0.4549132,0.4592395,-1.454212,0.090347
-2.85261,1.456807,-0.6835341,0.6833434,-0.6812389,0.6846048,4.685797,-0.841363,0.0040353,0.0762831,-1.0972,0.0650204
-2.05248,1.85262,-0.6868082,-2.682837,-0.680767,0.4541176,4.68742,0.4551929,-0.4532089,-0.4576755,-0.4575028,0.073637
-0.6854186,1.687215,-0.6888915,-5.0353,-0.6827344,0.0275959,3.684366,1.683293,-0.85083,-1.687529,0.866976,0.6863653
0.6894692,1.682834,-0.820348,-5.450629,-0.6810364,-0.4595269,2.451097,1.688665,-1.00742,-1.686639,1.685119,0.68288
1.681165,2.05643,-0.81632,-3.686051,0.0311949,-0.6843385,1.455987,1.458086,-0.858532,-1.68641,1.686651,0.4543686
1.685838,2.680596,-0.82126,-0.4510724,0.4544278,-0.6865675,0.88395,0.6849861,-0.6855961,-1.683488,0.6844074,0.6874116
1.08965,2.680043,-0.836986,2.682659,0.6803178,-0.6862859,1.683062,0.0323898,0.6868407,-0.6829065,-1.684864,0.0989267
0.6868757,2.685128,-0.841715,3.997974,0.6844732,-0.0627965,1.683484,-0.0342103,1.682054,0.6864843,-3.459559,-0.4545235
-0.6859027,2.686741,-0.815865,3.686124,0.686272,0.6840452,1.86963,0.6875194,1.45949,0.6847626,-5.08339,-0.4543075
-1.09891,2.457055,-0.6856298,1.86821,0.4565537,0.6848884,1.685256,0.861176,1.06494,0.4573411,-5.45794,-0.6853785
-1.68064,3.455192,-0.6872035,-0.0333746,-0.0474762,0.4532292,-0.6862857,0.828534,0.686414,0.0517036,-4.684032,-0.0246871
-0.6828825,3.995562,-0.4538297,-1.684392,-0.68909,0.6836112,-1.85433,0.689617,-0.0361133,-0.6803145,-2.686716,0.6825396
-0.4505909,3.80733,-0.4509782,-1.680027,-0.0345653,-0.0443755,-3.00346,-0.6803342,-0.6835182,-0.6855852,-0.687652,0.4543208
0.0361868,2.684937,0.6853111,-1.683435,0.453004,-0.6874107,-3.689788,-0.866783,-0.9947465,-0.0855258,1.07491,0.4546451
0.4578047,-0.4508437,0.6823419,-1.992651,0.9908718,-0.4539631,-4.08273,-0.6813435,-1.45676,0.6855264,1.998372,-0.6867697
0.875346,-3.07488,1.07439,-2.685103,1.683304,-0.4565903,-4.682845,0.0664744,-1.680351,0.851098,2.454472,-0.6834383
1.681265,-5.681604,1.681497,-3.80731,0.9936242,-0.4578683,-5.686285,0.6810687,-1.680673,0.9953453,2.685057,-0.6835021
1.0478,-6.682502,1.689025,-4.683067,0.688434,-0.4576707,-6.686211,0.4578544,-1.681344,0.9926246,1.990641,-0.4544863
0.6828465,-6.02195,0.6889562,-3.685149,-0.4553639,-0.4532572,-6.88378,-0.4537565,-1.688439,0.836363,1.457203,-0.6851147
-0.0345486,-4.81768,-0.0351341,-2.09326,-0.6863117,-0.681659,-5.89653,-1.688673,-0.6860651,0.4556659,0.6838097,-0.0214911
-0.6832341,-2.82728,-0.6840573,0.6862639,-0.6871628,0.0683648,-3.683468,-2.682719,-0.0560767,0.6851067,-0.824188,-0.4515026
-0.851606,-0.6882571,-0.994037,2.680654,-0.68472,0.4587036,-0.9944355,-2.451083,0.4594654,-0.6829485,-2.453202,-0.6868688
-0.6890244,1.456044,-0.840033,3.86418,0.0548304,0.4572147,0.994906,-1.684914,0.893115,-0.6834418,-3.99578,-1.683706
-0.4595898,3.683483,-0.4570372,4.680331,0.4560362,0.6859736,1.450303,0.0943065,1.03212,-0.6859874,-4.684603,-1.68554
-0.00372928,4.689389,-0.0736241,4.85066,0.6848427,0.6818468,-0.0758249,1.68652,1.681651,-0.4515675,-4.05326,-1.451197
-0.0665325,5.0721,0.6850951,5.685644,-0.6882095,0.6866639,-1.83765,1.455488,0.9967186,0.0443424,-2.455506,-0.6822927
-0.458826,4.835,0.6867349,5.456511,-0.459534,0.6867957,-2.85184,1.03323,0.6887345,0.456513,0.6886898,-0.4500847
-0.6824754,4.454231,0.0980585,5.453923,-0.6885207,0.00668968,-2.03978,0.4539723,0.6846698,0.4582514,2.688595,-0.6889174
-1.684478,3.80913,0.6813412,4.689453,-0.4514721,-0.0489259,0.0443246,0.6844373,0.0616288,0.0341612,3.683731,-0.6846262
-0.9976934,3.450202,0.4586156,2.688666,-0.6833963,0.0396355,2.45176,0.6880462,-0.0345041,-0.6876594,3.454495,-0.6876651
-0.68507,3.683409,0.6840428,-0.00495321,0.0309662,0.6867447,3.990659,1.453768,0.6835504,-0.826537,1.686703,-0.4534893
0.6820036,2.681693,0.6898389,-2.689239,-0.061852,0.6803088,4.00908,1.687523,0.6824337,-0.6820905,-0.6869309,-0.4511986
0.6896154,1.458704,0.6821293,-4.450409,-0.6871086,0.6832622,3.686711,1.457884,0.9951162,-0.688436,-2.682709,0.4549892
0.6861846,0.4541623,0.6819387,-4.45535,-0.800362,0.4511417,2.68902,0.6892689,1.688092,-0.4502469,-3.685749,0.808038
0.6893756,0.683337,-0.0442625,-2.80386,-0.83095,-0.0293404,2.68132,-0.6879859,1.05504,0.0746888,-3.685493,1.455544
0.6843933,1.68054,-0.4561466,-0.6819332,-0.6865795,-0.4593755,3.685534,-1.88285,0.6891549,0.0558625,-2.686668,1.454464
0.6896834,3.683705,-0.684065,2.459565,-0.4588397,-0.4574956,5.683452,-2.685056,-0.035335,-0.4550495,-0.4519687,1.684763
0.891482,5.684153,0.0386879,4.00791,0.0326732,-0.6813634,5.997069,-2.83247,-0.6802842,-0.6841954,1.680498,1.04068
1.452945,5.683265,0.4570631,3.990687,0.6813658,-0.4529351,5.681834,-2.456742,-0.6889051,-0.861678,2.84424,0.6841709
1.685838,3.994886,0.6852389,2.451592,0.459894,-0.6803502,4.689833,-1.68896,-0.6868089,-0.6853684,3.686268,0.4550059
1.688095,0.4541876,0.4505136,0.6846594,0.6845828,-0.4513055,2.68956,-0.6866543,-0.4593095,-0.4549444,3.680065,-0.0650984
0.6875916,-3.991003,-0.0652458,-1.682541,0.00675626,-0.6895808,0.9943612,0.689433,-0.0641141,-0.6806839,3.02768,-0.6812074
-0.6858316,-6.68445,-0.6824849,-1.993803,-0.0218959,-0.451496,0.6868354,1.455206,-0.000206232,0.04965,2.994623,-0.453365
-0.886414,-6.82613,-0.4512098,-1.452844,0.0358754,-0.4503385,-0.6806073,1.686534,-0.0800431,-0.0300874,3.685082,-0.4520668
-1.0346,-4.81885,-0.6832659,-0.458846,0.0662138,-0.6819148,-0.4572855,1.687435,-0.6880927,-0.6841856,3.689424,-0.4566025
-0.856293,-1.82407,-0.6880805,0.861042,-0.02365,0.0372644,-0.6844595,1.07045,-0.6879411,-0.6832376,3.456863,0.000470612
-0.4563391,0.0070365,-0.0636278,1.686784,-0.4532527,0.6834752,-0.6851662,0.4582484,-0.0388428,-0.454723,2.680728,0.6806633
0.00302091,-0.6868323,-0.0379711,0.885644,-0.4533605,0.6864289,-0.6812705,0.6848561,0.6871343,-0.00651788,1.450342,0.6858556
0.4563903,-2.88785,0.00333444,-0.6859737,-0.456297,0.0924034,0.0962584,0.6844128,0.6825646,0.4542662,-0.4516476,0.6879511
0.9919465,-5.995615,0.0707834,-1.680315,-0.4533359,-0.0259078,1.08893,0.688655,0.682076,0.6871829,-1.453712,0.6845965
1.686539,-8.450514,0.6897936,-2.686239,0.6895034,-0.6805728,1.85745,0.9930884,0.6826351,0.6871288,-1.688694,0.4532348
1.88364,-8.685472,0.6811415,-3.684616,0.6839894,-0.0938403,1.684372,0.997219,-0.4509656,0.6846292,-1.689406,0.6825671
2.03652,-6.450462,0.453225,-3.82843,0.9902785,-0.00625384,0.6851914,0.6841506,-0.689062,0.4516911,-1.07604,0.4511867
1.995664,-2.458235,0.6803737,-4.02392,0.8853,0.0866598,-1.682917,0.6803388,-0.9906689,0.6807053,-1.03256,0.6832328
1.68572,1.680341,-0.6846396,-3.689242,0.6840034,0.6816324,-2.80262,-0.6884726,-1.06038,0.6825728,-1.686429,0.4558659
0.89589,4.89718,-0.6834545,-2.452765,0.6825728,0.0691169,-3.686207,-0.6858544,-0.9985391,0.89512,-1.82055,0.680341
0.6838517,6.687344,-0.686648,-0.862605,0.6803672,-0.00492723,-2.686687,-0.830769,-0.6872118,0.685344,-2.03262,0.6844732
-0.6839243,6.86354,-0.6859213,0.895651,0.0328537,-0.0348043,-1.8405,-0.819503,-0.6887452,0.6813951,-1.83032,-0.0273466
-1.02827,5.453279,-0.4580603,1.683568,0.0663939,0.0316909,-1.09216,-0.803497,0.6826147,0.4580462,-1.681745,-0.4523183
-1.681656,3.681366,0.0394032,1.08661,0.0874271,0.0327553,-1.68338,-0.6834048,0.689494,0.4502895,-0.6872865,-0.847265
-1.457208,1.458985,0.4506435,-0.4570863,0.00928891,0.6855208,-1.82893,-0.4505033,0.890446,0.4583613,-0.4542713,-1.685344
-1.687504,-0.0874206,0.4538349,-1.683258,-0.686529,0.6827211,-2.68417,0.036371,0.6896482,0.4500741,-0.838031,-1.453525
-1.687519,-1.09659,0.68705,-2.681254,-0.6850717,0.0353942,-2.457034,0.4596243,0.4513273,0.4514405,-1.680337,-1.09291
-1.85679,-1.86663,0.0951536,-1.685539,-0.454104,-0.0388506,-2.04494,0.800516,-0.6869106,0.4587218,-1.0603,-0.6829125
-1.84753,-2.455336,0.067411,-0.6872513,-0.6882055,-0.0348065,-1.453233,0.6855982,-0.453271,0.6816657,-0.6889165,-0.6844128
-1.68583,-3.686045,0.0744686,0.6800768,-0.4503342,0.6818462,-1.455189,0.4595919,-0.68306,0.0482315,0.6882627,-0.6852351
-1.684347,-4.685865,0.066456,0.0535839,0.00596517,0.4562732,-2.451734,0.4530803,-0.6813448,0.6835387,1.688792,-0.4534334
-0.6854982,-5.05585,0.035964,-1.456365,0.6855462,0.6855092,-3.458989,0.4543304,-0.4545473,0.4567419,1.88264,-0.6806846
0.0417398,-5.06393,-0.0467208,-2.686273,0.4504297,0.4564686,-4.45431,0.6863454,-0.6843583,0.4534889,1.68121,0.6810642
0.4516858,-4.455539,-0.0539882,-2.990378,0.6873865,0.0431457,-4.450337,0.9927558,-0.6854695,-0.6803003,-0.0620327,0.4518476
0.6887347,-2.8003,0.0404137,-1.68984,0.6834384,-0.6883925,-2.451349,0.9974798,0.6872545,-0.687453,-1.687248,0.817384
-0.0613631,-0.9962606,0.4512921,2.02405,0.6804513,-0.4579232,0.4578484,0.6829867,0.6800047,-1.689707,-1.684235,0.866692
-0.820584,1.684361,0.6874543,5.686571,0.6844567,-0.6886662,3.689698,-0.684044,0.9968679,-1.684258,-1.686333,0.883108
-1.453009,3.688403,0.4527625,7.683732,0.4534237,0.0327033,5.689094,-0.837549,1.06864,-0.9962312,-0.6807549,0.680622
-1.456517,6.684134,0.683434,7.688806,0.6846433,0.4545535,5.453674,-0.9956674,0.6856688,-0.4510597,0.6832025,0.6891184
-0.841746,8.997441,0.6840544,5.453326,0.4548646,0.6840787,3.84338,-0.6862189,0.6865188,0.6826247,0.685424,-0.00582353
0.0943349,10.68685,-0.0556224,3.451928,0.6807297,0.6803132,1.689862,-0.0327037,-0.6804751,0.869376,1.680962,-0.0369473
0.6857157,10.68626,-0.6876167,2.682393,0.4588214,0.4511935,-0.6831582,0.031348,-0.9916232,0.6862464,1.686739,0.0848784
0.890756,7.455464,-0.4511465,2.45062,0.6864473,0.6868785,-0.85155,-0.4515748,-0.887821,0.0721339,1.685693,0.6844758
0.6843656,3.456712,-0.4516832,2.86742,0.6834854,0.4510412,-0.6846159,-1.06273,-0.456371,-0.6842061,1.89553,0.0439513
-0.6835211,-0.6893752,-0.4557348,2.459262,-0.6859045,0.4574475,0.9906461,-1.683503,0.6805029,-0.858623,1.86526,-0.4507286
-1.686671,-2.86932,-0.6848734,0.6819359,-0.4534683,0.454609,1.8329,-0.826803,0.6828653,-0.6858846,1.451258,-0.4572087
-1.07057,-2.451713,-0.4542621,-2.681407,-0.683224,0.0505746,2.450456,0.680842,0.6849044,-0.4544285,0.6816894,-0.6885887
-0.6862216,-0.6839232,-0.4566967,-4.998623,-0.6897507,-0.4565691,1.689528,1.688892,0.6808595,-0.6802479,-0.6842413,-0.457985
1.08434,0.6826025,-0.6888833,-6.04972,-0.454883,-0.6804142,0.6845245,1.685513,0.4582004,0.0700259,-0.6856293,-0.453507
2.06614,-0.6875424,-0.4547528,-4.998664,-0.4546882,-0.6857112,-0.4575631,0.829525,0.6828905,0.0548096,-0.9906743,-0.0236344
2.456846,-3.07694,-0.682762,-2.453654,-0.6815789,-0.826914,-1.453319,-0.6833469,0.0824845,-0.0543951,-0.841195,0.0233856
1.687057,-6.458705,-0.0910435,0.4543242,-0.6844037,-0.6809653,-1.687952,-1.682895,0.0528046,-0.6866936,-0.6842375,-0.0785303
0.833088,-8.45564,-0.6818511,1.83345,-0.6833615,-0.4566334,-0.895623,-1.997487,-0.0673629,-0.4570393,-0.4583546,-0.687198
0.0888679,-7.450379,-0.6814616,1.991103,-0.6894117,-0.6824805,0.0328284,-1.04387,-0.4585358,-0.4503763,-0.681469,-0.0650982
0.6834978,-3.998936,0.0240653,0.9936424,-0.886384,-0.6818445,1.07493,0.4590482,-0.4576844,-0.6866064,-0.4535788,0.455726
0.82576,-0.6861608,0.682091,-0.6843462,-0.892792,-0.6874334,1.83698,1.09069,-0.4569723,-0.6858947,-0.6816298,0.6884262
1.6889,0.836293,0.6865432,-0.9924872,-0.68762,-0.6865328,1.682237,0.839655,-0.6862093,-0.6834556,0.6809622,0.9932153
1.688038,0.6823259,0.9915965,-1.08211,-0.689849,-0.0600394,1.453234,-0.6888894,0.4596569,-0.6823324,0.4584032,0.6859732
1.683346,-1.684195,0.884836,-1.03523,0.4506291,0.6846651,0.6865464,-1.683632,0.830313,0.4560288,0.0437873,0.4517873
0.6871324,-1.687831,0.6861367,-1.684834,0.6803114,0.6837027,-0.829488,-1.689691,0.88427,0.9951661,-1.0749,-0.6817667
-0.6813106,1.68446,0.062452,-1.459284,0.688624,0.4505108,-1.682366,-0.4508031,0.6867205,1.09169,-2.681387,-1.06921
0.0874698,5.454202,-0.6827445,-1.84909,0.4564111,0.6816208,-1.683852,1.684206,0.6883215,0.820029,-3.684675,-1.686213
0.872862,8.681414,-0.4571857,-1.995896,0.4509336,0.6834413,-0.6843419,2.685757,-0.6804849,0.6843606,-3.992613,-0.859659
1.684694,7.993509,-0.6800003,-1.68504,-0.0469367,-0.0400546,0.6804463,2.00839,-0.6890541,0.0339759,-3.689258,-0.0734919
1.689412,3.687124,0.0731789,-1.455288,-0.688211,-0.6821829,0.882726,0.9941057,-0.6884351,0.0832965,-1.84352,0.6878744
0.687134,-2.452119,0.4536458,-1.689215,-0.683246,-0.0956563,0.4506564,-0.4568558,-0.6876032,0.6810751,-0.6825526,0.9945717
-1.681904,-7.04626,0.6802438,-0.9965619,0.0793314,-0.00904268,-0.9945657,-0.6823202,-0.6849347,0.9968664,1.689566,0.997115
-2.87135,-7.82167,0.6804357,-0.6893667,0.6854512,0.0749271,-1.997569,-0.456838,-0.0566523,1.05941,2.05933,0.6852614
-3.85353,-4.82165,0.4516084,0.6863264,0.6863835,0.6834446,-2.688346,0.6824917,-0.6829278,0.683235,2.689596,0.6825761
-3.450927,-0.4509627,-0.680845,1.453952,0.6809162,0.6842498,-1.682328,0.6853629,-0.4573803,-0.4532058,3.0375,0.6839149
-2.685622,2.453297,-0.6831838,2.458513,0.4571468,0.686341,0.4504044,0.6879492,-0.6845383,-0.6821432,3.689092,0.4505589
-0.8651,2.457621,-0.450524,2.88332,0.4519511,0.6891265,1.689024,-0.6882474,-0.4544626,-1.455849,3.686421,0.0496908
0.0587079,0.4530973,-0.6865091,2.8661,-0.0271356,0.4507432,2.680723,-1.688902,0.02033,-0.9913389,3.458563,-0.6880432
0.0885865,-1.45806,-0.6842034,2.453982,-0.6862127,0.6875195,1.684325,-1.83249,0.6836532,-0.4513614,2.45133,-0.4554668
-0.6830245,-0.893554,-0.6869098,1.68221,-0.6847621,0.0623442,0.4594457,-1.09555,0.6845396,0.6883659,1.0546,-0.6876347
-0.6886078,1.88078,-0.4555291,1.83035,-0.0307509,-0.0448463,-0.9932685,0.4563704,0.6824384,0.6828096,-0.455603,-0.853344
-0.4563626,4.453703,-0.6830664,1.456934,0.0913656,-0.6843478,-1.688463,1.686932,0.4552384,0.6896068,-1.81308,-0.686276
0.6859356,4.85127,-0.6806675,0.890328,0.6830418,-0.6864765,-1.686058,1.681859,-0.6869686,-0.6819009,-2.451661,-0.4553286
1.688626,2.454232,-0.6836054,-0.6818444,0.0585958,-0.6805186,-1.685603,0.6826073,-0.6854572,-0.6831884,-2.456832,-0.4531278
1.687615,-1.990427,-0.0473652,-2.09611,-0.080264,-0.0329448,-0.830583,0.0248931,-0.803216,-0.683557,-1.996251,-0.0338083
1.454645,-4.682674,0.456363,-3.08098,-0.4503945,0.0433068,-0.6886134,-0.6842172,-0.6834518,-0.6827634,-1.681654,0.6826266
0.4510891,-4.45114,0.4580097,-2.685602,-0.4545386,0.0216126,0.0625407,-0.6872334,-0.0629542,0.4585766,-0.4505864,0.456459
-0.4544941,-0.808341,0.6821685,-0.818589,-0.6892196,-0.0632035,0.9918344,-0.6845762,0.4548583,0.4524457,0.6805345,0.6871561
-0.4586828,3.8171,0.6883738,1.84231,-0.0893434,-0.6848007,2.06176,0.4536439,0.803686,0.4530454,0.6824176,0.6897212
